begins_at,open_price,close_price,high_price,low_price,volume,session,interpolated,symbol
2015-06-29,125.460000,126.440000,126.940000,124.480000,150981872,reg,False,AAPL
2015-07-06,124.940000,123.280000,126.230000,119.220000,275718368,reg,False,AAPL
2015-07-13,125.030000,129.620000,129.620000,124.320000,189245034,reg,False,AAPL
2015-07-20,130.970000,124.500000,132.970000,121.990000,344269021,reg,False,AAPL
2015-07-27,123.090000,121.300000,123.910000,120.910000,191598511,reg,False,AAPL
2015-08-03,121.500000,115.520000,122.570000,112.100000,385000649,reg,False,AAPL
2015-08-10,116.530000,115.960000,119.990000,109.630000,345185326,reg,False,AAPL
2015-08-17,116.040000,105.760000,117.650000,105.645000,320509056,reg,False,AAPL
2015-08-24,94.870000,113.290000,113.310000,92.000000,500362965,reg,False,AAPL
2015-08-31,112.030000,109.270000,114.530000,107.360000,298194194,reg,False,AAPL
2015-09-07,111.650000,114.210000,114.210000,109.770000,252662734,reg,False,AAPL
2015-09-14,116.580000,113.450000,116.890000,111.870000,277276007,reg,False,AAPL
2015-09-21,113.670000,114.710000,116.690000,112.370000,242696241,reg,False,AAPL
2015-09-28,113.850000,110.380000,114.570000,107.310000,313896286,reg,False,AAPL
2015-10-05,109.880000,112.120000,112.280000,108.210000,262432987,reg,False,AAPL
2015-10-12,112.730000,111.040000,112.750000,109.560000,184884970,reg,False,AAPL
2015-10-19,110.800000,119.080000,119.228000,110.110000,222074893,reg,False,AAPL
2015-10-26,118.080000,119.500000,121.220000,113.990000,322362121,reg,False,AAPL
2015-11-02,119.870000,121.060000,123.820000,119.610000,195203256,reg,False,AAPL
2015-11-09,120.960000,112.340000,121.810000,112.270000,216555289,reg,False,AAPL
2015-11-16,111.380000,119.300000,119.920000,111.000000,189981253,reg,False,AAPL
2015-11-23,119.270000,117.810000,119.730000,117.120000,109720453,reg,False,AAPL
2015-11-30,117.990000,119.030000,119.410000,114.220000,206765745,reg,False,AAPL
2015-12-07,118.980000,113.180000,119.860000,112.851000,188853944,reg,False,AAPL
2015-12-14,112.180000,106.030000,112.800000,105.810000,315791335,reg,False,AAPL
2015-12-21,107.280000,108.030000,109.000000,105.570000,126634011,reg,False,AAPL
2015-12-28,107.590000,105.260000,109.430000,104.820000,123761546,reg,False,AAPL
2016-01-04,102.610000,96.960000,105.850000,96.430000,343790211,reg,False,AAPL
2016-01-11,98.970000,97.130000,101.190000,95.360000,304337253,reg,False,AAPL
2016-01-18,98.410000,101.420000,101.460000,93.420000,243384093,reg,False,AAPL
2016-01-25,101.520000,97.340000,101.530000,92.390000,380336530,reg,False,AAPL
2016-02-01,96.510000,94.020000,97.330000,93.690000,217154766,reg,False,AAPL
2016-02-08,93.130000,93.990000,96.350000,92.590000,231122263,reg,False,AAPL
2016-02-15,94.960000,96.040000,98.890000,94.610000,168316315,reg,False,AAPL
2016-02-22,96.310000,96.910000,98.023700,93.320000,159052926,reg,False,AAPL
2016-02-29,96.860000,103.010000,103.750000,96.650000,201803826,reg,False,AAPL
2016-03-07,102.390000,102.260000,102.830000,100.150000,155601196,reg,False,AAPL
2016-03-14,101.960000,105.920000,106.500000,101.780000,182073165,reg,False,AAPL
2016-03-21,105.930000,105.670000,107.650000,104.890000,119783503,reg,False,AAPL
2016-03-28,106.010000,109.990000,110.420000,104.880000,147965003,reg,False,AAPL
2016-04-04,110.410000,108.660000,112.190000,108.121000,145722543,reg,False,AAPL
2016-04-11,108.945000,109.850000,112.390000,108.660000,162310051,reg,False,AAPL
2016-04-18,108.890000,105.680000,108.950000,104.620000,189053016,reg,False,AAPL
2016-04-25,104.910000,93.740000,105.650000,92.510000,349424063,reg,False,AAPL
2016-05-02,93.965000,92.720000,95.900000,91.850000,225607242,reg,False,AAPL
2016-05-09,93.000000,90.520000,93.770000,89.470000,216049836,reg,False,AAPL
2016-05-16,92.390000,95.220000,95.430000,91.650000,212707154,reg,False,AAPL
2016-05-23,95.880000,100.350000,100.730000,95.670000,204473324,reg,False,AAPL
2016-05-30,99.600000,97.920000,100.400000,96.630000,140176985,reg,False,AAPL
2016-06-06,97.990000,98.830000,101.890000,97.550000,124864375,reg,False,AAPL
2016-06-13,98.690000,95.330000,99.120000,95.300000,191732699,reg,False,AAPL
2016-06-20,96.000000,93.400000,96.890000,92.650000,206728924,reg,False,AAPL
2016-06-27,93.030000,95.890000,96.465000,91.500000,185461004,reg,False,AAPL
2016-07-04,95.400000,96.680000,96.890000,94.370000,112705961,reg,False,AAPL
2016-07-11,96.760000,98.780000,99.300000,96.730000,142910566,reg,False,AAPL
2016-07-18,98.700000,98.660000,101.000000,98.310000,147565456,reg,False,AAPL
2016-07-25,98.200000,104.210000,104.550000,96.420000,256571090,reg,False,AAPL
2016-08-01,104.440000,107.480000,107.650000,104.000000,170149120,reg,False,AAPL
2016-08-08,107.520000,108.180000,108.940000,107.160000,124505869,reg,False,AAPL
2016-08-15,108.140000,109.360000,110.230000,108.080000,132371408,reg,False,AAPL
2016-08-22,109.000000,106.940000,109.320000,106.310000,123605519,reg,False,AAPL
2016-08-29,106.630000,107.730000,108.000000,105.500000,133000624,reg,False,AAPL
2016-09-05,107.820000,103.130000,108.760000,103.130000,168803729,reg,False,AAPL
2016-09-12,102.650000,114.920000,116.130000,102.530000,390309366,reg,False,AAPL
2016-09-19,115.190000,112.710000,116.180000,111.550000,201095635,reg,False,AAPL
2016-09-26,111.640000,113.050000,114.640000,111.550000,156384035,reg,False,AAPL
2016-10-03,112.750000,114.060000,114.560000,112.280000,126029440,reg,False,AAPL
2016-10-10,115.020000,117.630000,118.690000,114.720000,208708383,reg,False,AAPL
2016-10-17,117.290000,116.600000,118.210000,113.800000,115531434,reg,False,AAPL
2016-10-24,117.100000,113.720000,118.360000,113.310000,210225569,reg,False,AAPL
2016-10-31,113.600000,108.840000,114.230000,108.110000,156346518,reg,False,AAPL
2016-11-07,110.000000,108.430000,111.720000,105.830000,207268979,reg,False,AAPL
2016-11-14,107.740000,110.060000,110.540000,104.080000,198341456,reg,False,AAPL
2016-11-21,110.020000,111.790000,112.420000,110.010000,94132421,reg,False,AAPL
2016-11-28,111.430000,109.900000,112.465000,108.850000,155499850,reg,False,AAPL
2016-12-05,110.000000,113.950000,114.700000,108.250000,151989664,reg,False,AAPL
2016-12-12,113.190000,115.970000,116.730000,112.490000,195015700,reg,False,AAPL
2016-12-19,115.800000,116.520000,117.500000,115.590000,113322891,reg,False,AAPL
2016-12-26,116.520000,115.820000,118.016600,115.430000,84828531,reg,False,AAPL
2017-01-02,115.800000,117.910000,118.160000,114.760000,103845468,reg,False,AAPL
2017-01-09,117.940000,119.040000,119.930000,117.940000,138810760,reg,False,AAPL
2017-01-16,118.220000,120.000000,120.500000,118.220000,116347987,reg,False,AAPL
2017-01-23,120.000000,121.950000,122.440000,119.500000,124748449,reg,False,AAPL
2017-01-30,120.930000,129.080000,130.490000,120.620000,249781248,reg,False,AAPL
2017-02-06,128.950000,132.120000,132.940000,128.900000,136449154,reg,False,AAPL
2017-02-13,133.000000,135.720000,136.270000,132.750000,136667496,reg,False,AAPL
2017-02-20,136.245000,136.660000,137.480000,135.280000,87908859,reg,False,AAPL
2017-02-27,137.000000,139.780000,140.278600,136.280000,127936976,reg,False,AAPL
2017-03-06,139.330000,139.140000,139.980000,137.050000,99672282,reg,False,AAPL
2017-03-13,138.820000,139.990000,141.020000,138.820000,121539506,reg,False,AAPL
2017-03-20,140.460000,140.640000,142.800000,139.730000,129673979,reg,False,AAPL
2017-03-27,139.390000,143.660000,144.500000,138.620000,127008757,reg,False,AAPL
2017-04-03,143.670000,143.340000,145.460000,143.050000,105416154,reg,False,AAPL
2017-04-10,143.500000,141.050000,143.879200,140.060000,87485653,reg,False,AAPL
2017-04-17,141.170000,142.270000,142.920000,140.450000,89248503,reg,False,AAPL
2017-04-24,143.520000,143.650000,144.900000,143.180000,91153780,reg,False,AAPL
2017-05-01,145.000000,148.960000,148.980000,144.270000,175351768,reg,False,AAPL
2017-05-08,149.030000,156.100000,156.420000,149.030000,173470543,reg,False,AAPL
2017-05-15,156.010000,153.060000,156.650000,149.710000,157354878,reg,False,AAPL
2017-05-22,154.060000,153.610000,154.900000,152.670000,103267697,reg,False,AAPL
2017-05-29,153.350000,155.450000,155.450000,152.220000,88752818,reg,False,AAPL
2017-06-05,154.410000,148.980000,155.980000,146.020000,159159690,reg,False,AAPL
2017-06-12,145.740000,142.270000,147.500000,142.200000,220530473,reg,False,AAPL
2017-06-19,143.660000,146.280000,147.160000,143.660000,133252911,reg,False,AAPL
2017-06-26,147.230000,144.020000,148.280000,142.280000,127060159,reg,False,AAPL
2017-07-03,144.930000,144.180000,145.300100,142.410000,79177899,reg,False,AAPL
2017-07-10,144.190000,149.040000,149.330000,143.370000,111088384,reg,False,AAPL
2017-07-17,148.910000,150.270000,151.740000,148.570000,106081595,reg,False,AAPL
2017-07-24,150.560000,149.500000,153.990000,147.300000,105818033,reg,False,AAPL
2017-07-31,149.950000,156.390000,159.750000,148.130000,172808513,reg,False,AAPL
2017-08-07,157.000000,157.480000,161.830000,154.630000,151269116,reg,False,AAPL
2017-08-14,159.380000,157.500000,162.510000,156.720000,134628467,reg,False,AAPL
2017-08-21,157.420000,159.860000,160.740000,155.110100,112671175,reg,False,AAPL
2017-08-28,160.140000,164.050000,164.940000,159.930000,126128613,reg,False,AAPL
2017-09-04,163.690000,158.630000,164.250000,158.530000,101728077,reg,False,AAPL
2017-09-11,160.600000,159.880000,163.960000,157.910000,221077556,reg,False,AAPL
2017-09-18,160.110000,151.890000,160.500000,150.560000,186188535,reg,False,AAPL
2017-09-25,150.000000,154.120000,154.718900,149.160000,154856873,reg,False,AAPL
2017-10-02,154.200000,155.300000,155.490000,152.460000,93784212,reg,False,AAPL
2017-10-09,155.920000,156.990000,158.000000,155.100000,81304819,reg,False,AAPL
2017-10-16,157.800000,156.250000,160.870000,155.020000,126051203,reg,False,AAPL
2017-10-23,156.900000,163.050000,163.600000,155.270000,122403284,reg,False,AAPL
2017-10-30,164.000000,172.500000,174.260000,163.720000,215177366,reg,False,AAPL
2017-11-06,172.210000,174.670000,176.240000,171.720000,138425414,reg,False,AAPL
2017-11-13,173.500000,170.150000,174.500000,168.380000,116459665,reg,False,AAPL
2017-11-20,170.290000,174.970000,175.500000,169.560000,81009340,reg,False,AAPL
2017-11-27,174.970000,171.050000,175.080000,167.160000,170098474,reg,False,AAPL
2017-12-04,172.450000,169.370000,172.620000,166.460000,137481078,reg,False,AAPL
2017-12-11,169.050000,173.970000,174.170000,168.790000,139147284,reg,False,AAPL
2017-12-18,174.890000,175.010000,177.200000,173.250000,117632550,reg,False,AAPL
2017-12-25,170.600000,169.230000,171.850000,169.220000,97163858,reg,False,AAPL
2018-01-01,170.160000,175.000000,175.370000,169.260000,101168448,reg,False,AAPL
2018-01-08,174.400000,177.090000,177.360000,173.000000,110197467,reg,False,AAPL
2018-01-15,178.000000,178.460000,180.100000,175.070000,127571202,reg,False,AAPL
2018-01-22,177.300000,171.510000,179.440000,170.060000,191574802,reg,False,AAPL
2018-01-29,170.000000,160.500000,170.160000,160.100000,262992133,reg,False,AAPL
2018-02-05,159.180000,156.410000,163.880000,150.240000,317654064,reg,False,AAPL
2018-02-12,158.410000,172.430000,174.820000,157.510000,225336897,reg,False,AAPL
2018-02-19,171.870000,175.500000,175.650000,171.010000,136206463,reg,False,AAPL
2018-02-26,176.210000,176.210000,180.615000,172.450000,202128357,reg,False,AAPL
2018-03-05,175.150000,179.980000,180.000000,174.270000,139852603,reg,False,AAPL
2018-03-12,180.230000,178.020000,183.500000,177.620000,155417452,reg,False,AAPL
2018-03-19,177.250000,164.940000,177.470000,164.940000,172670607,reg,False,AAPL
2018-03-26,168.070000,167.780000,175.150000,165.190000,158530865,reg,False,AAPL
2018-04-02,167.890000,168.380000,174.230400,164.470000,164408813,reg,False,AAPL
2018-04-09,170.060000,174.730000,175.840000,169.845000,128077139,reg,False,AAPL
2018-04-16,174.980000,165.720000,178.936500,165.430000,169238340,reg,False,AAPL
2018-04-23,166.860000,162.320000,166.920000,160.630000,162208431,reg,False,AAPL
2018-04-30,162.190000,183.830000,184.250000,161.840000,252805668,reg,False,AAPL
2018-05-07,185.110000,188.590000,190.370000,183.665000,148266951,reg,False,AAPL
2018-05-14,189.100000,186.310000,189.530000,185.100000,99248752,reg,False,AAPL
2018-05-21,187.920000,188.580000,189.650000,185.760000,94394844,reg,False,AAPL
2018-05-28,187.600000,190.240000,190.260000,186.140000,92129925,reg,False,AAPL
2018-06-04,191.650000,191.700000,194.200000,189.770000,116769735,reg,False,AAPL
2018-06-11,191.450000,188.840000,192.880000,188.260000,140187228,reg,False,AAPL
2018-06-18,187.690000,184.920000,189.220000,183.450000,125604366,reg,False,AAPL
2018-06-25,183.400000,185.110000,187.280000,180.730000,121620526,reg,False,AAPL
2018-07-02,183.680000,187.970000,188.434000,183.420000,65775642,reg,False,AAPL
2018-07-09,189.440000,191.330000,191.840000,187.610000,85088176,reg,False,AAPL
2018-07-16,191.650000,191.440000,192.650000,189.200000,87963808,reg,False,AAPL
2018-07-23,190.640000,190.980000,195.960000,189.560000,94613682,reg,False,AAPL
2018-07-30,191.900000,207.990000,208.740000,189.070000,224189697,reg,False,AAPL
2018-08-06,207.930000,207.530000,209.780000,204.520000,121642089,reg,False,AAPL
2018-08-13,207.700000,217.580000,217.950000,207.700000,139373818,reg,False,AAPL
2018-08-20,218.170000,216.160000,219.180000,213.840000,112825161,reg,False,AAPL
2018-08-27,217.020000,227.630000,228.870000,216.330000,162690645,reg,False,AAPL
2018-09-03,228.590000,221.300000,229.670000,220.710000,132632878,reg,False,AAPL
2018-09-10,221.000000,223.840000,228.350000,216.470000,198249908,reg,False,AAPL
2018-09-17,222.000000,217.660000,222.950000,215.300000,218746220,reg,False,AAPL
2018-09-24,216.720000,225.740000,226.440000,216.630000,129343034,reg,False,AAPL
2018-10-01,227.950000,224.290000,233.470000,220.580000,142666234,reg,False,AAPL
2018-10-08,222.060000,222.110000,227.270000,212.320000,192007749,reg,False,AAPL
2018-10-15,221.040000,219.310000,222.990000,213.000000,148520408,reg,False,AAPL
2018-10-22,219.660000,216.300000,224.230000,212.670000,185599234,reg,False,AAPL
2018-10-29,219.190000,207.480000,222.360000,205.430000,270606277,reg,False,AAPL
2018-11-05,204.390000,204.470000,210.120000,198.170000,191199370,reg,False,AAPL
2018-11-12,199.010000,193.530000,199.850000,185.930000,242226465,reg,False,AAPL
2018-11-19,190.000000,172.290000,190.700000,172.100000,164494301,reg,False,AAPL
2018-11-26,174.180000,178.580000,182.800000,170.260000,213749977,reg,False,AAPL
2018-12-03,184.450000,168.490000,184.940000,168.300000,167522325,reg,False,AAPL
2018-12-10,165.000000,165.480000,172.570000,163.330000,217536870,reg,False,AAPL
2018-12-17,165.420000,150.730000,168.350000,149.630000,287694081,reg,False,AAPL
2018-12-24,148.150000,156.230000,158.520000,146.590000,191160265,reg,False,AAPL
2018-12-31,158.530000,148.260000,159.360000,142.000000,221962468,reg,False,AAPL
2019-01-07,148.700000,152.290000,154.530000,145.900000,203706070,reg,False,AAPL
2019-01-14,150.850000,156.820000,157.880000,149.220000,155291399,reg,False,AAPL
2019-01-21,156.590000,157.760000,158.130000,151.700000,112513982,reg,False,AAPL
2019-01-28,155.840000,166.520000,169.000000,153.660000,202296864,reg,False,AAPL
2019-02-04,167.480000,170.410000,175.570000,167.280000,151398457,reg,False,AAPL
2019-02-11,171.100000,170.420000,172.480000,169.250000,112229742,reg,False,AAPL
2019-02-18,169.550000,172.970000,173.320000,169.490000,81250012,reg,False,AAPL
2019-02-25,174.160000,174.970000,175.870000,172.730000,120872184,reg,False,AAPL
2019-03-04,175.690000,172.910000,177.750000,169.500000,116779738,reg,False,AAPL
2019-03-11,175.490000,186.120000,187.330000,175.350000,158133562,reg,False,AAPL
2019-03-18,185.800000,191.050000,197.690000,184.730000,182343335,reg,False,AAPL
2019-03-25,191.510000,189.950000,192.880000,184.580000,167838582,reg,False,AAPL
2019-04-01,191.640000,197.040000,197.100000,188.380000,111540445,reg,False,AAPL
2019-04-08,196.420000,198.870000,202.850000,196.210000,132006698,reg,False,AAPL
2019-04-15,198.580000,203.860000,204.150000,198.010000,96335577,reg,False,AAPL
2019-04-22,202.830000,204.300000,208.480000,202.120000,97495453,reg,False,AAPL
2019-04-29,204.400000,211.750000,215.310000,199.110000,186455669,reg,False,AAPL
2019-05-06,204.290000,197.180000,208.840000,192.770000,173663634,reg,False,AAPL
2019-05-13,187.710000,189.000000,192.468900,182.850000,186415472,reg,False,AAPL
2019-05-20,183.520000,178.970000,188.000000,177.810000,156970116,reg,False,AAPL
2019-05-27,178.920000,175.070000,180.590000,174.990000,104691321,reg,False,AAPL
2019-06-03,175.600000,190.150000,191.920000,170.270000,154348161,reg,False,AAPL
2019-06-10,191.810000,192.740000,196.790000,190.300000,111843021,reg,False,AAPL
2019-06-17,192.900000,198.780000,200.850000,192.170000,131658960,reg,False,AAPL
2019-06-24,198.540000,197.960000,201.570000,195.290000,117368626,reg,False,AAPL
2019-07-01,203.170000,204.230000,205.080000,200.650000,72879519,reg,False,AAPL
2019-07-08,200.810000,203.300000,204.390000,198.410000,101600835,reg,False,AAPL
2019-07-15,204.090000,202.590000,206.500000,202.360000,87433154,reg,False,AAPL
2019-07-22,203.650000,207.740000,209.730000,203.610000,87153145,reg,False,AAPL
2019-07-29,208.460000,204.020000,221.370000,201.630000,219770512,reg,False,AAPL
2019-08-05,197.990000,200.990000,203.530000,192.580000,173211425,reg,False,AAPL
2019-08-12,199.620000,206.500000,212.140000,199.150000,163266105,reg,False,AAPL
2019-08-19,210.620000,202.640000,214.435000,201.000000,142066853,reg,False,AAPL
2019-08-26,205.860000,208.740000,210.450000,203.320000,110091319,reg,False,AAPL
2019-09-02,206.430000,213.260000,214.420000,204.220000,82585672,reg,False,AAPL
2019-09-09,214.840000,218.750000,226.420000,211.070000,175366943,reg,False,AAPL
2019-09-16,217.730000,217.730000,223.760000,217.473000,145352672,reg,False,AAPL
2019-09-23,218.950000,218.820000,222.490000,217.140200,117784618,reg,False,AAPL
2019-09-30,220.900000,227.010000,228.220000,215.132000,163381242,reg,False,AAPL
2019-10-07,226.270000,236.210000,237.640000,224.330000,150154587,reg,False,AAPL
2019-10-14,234.900000,236.410000,238.134200,233.200000,108390724,reg,False,AAPL
2019-10-21,237.520000,246.580000,246.730000,237.320000,101269580,reg,False,AAPL
2019-10-28,247.420000,255.820000,255.930000,237.260000,163555484,reg,False,AAPL
2019-11-04,257.330000,260.140000,260.440000,255.365000,106014081,reg,False,AAPL
2019-11-11,258.300000,265.760000,265.780000,258.280000,115661500,reg,False,AAPL
2019-11-18,265.800000,261.780000,268.000000,260.400000,114060454,reg,False,AAPL
2019-11-25,262.710000,267.250000,268.000000,262.500000,75404884,reg,False,AAPL
2019-12-02,267.270000,270.710000,271.000000,256.290000,115090042,reg,False,AAPL
2019-12-09,270.000000,275.150000,275.300000,264.910000,142408267,reg,False,AAPL
2019-12-16,277.000000,279.440000,282.650000,276.980000,183341280,reg,False,AAPL
2019-12-23,280.530000,289.800000,293.970000,280.373500,96724537,reg,False,AAPL
2019-12-30,289.460000,297.430000,300.600000,285.220000,131852981,reg,False,AAPL
2020-01-06,293.790000,310.330000,312.670000,292.750000,168452059,reg,False,AAPL
2020-01-13,311.640000,318.730000,318.740000,309.550000,163317432,reg,False,AAPL
2020-01-20,317.190000,318.310000,323.330000,315.650000,115921302,reg,False,AAPL
2020-01-27,310.060000,309.510000,327.850000,304.880000,216776323,reg,False,AAPL
2020-02-03,304.300000,320.030000,325.220000,302.220000,163134650,reg,False,AAPL
2020-02-10,314.180000,324.950000,327.220000,313.850000,123065907,reg,False,AAPL
2020-02-17,315.360000,313.050000,324.650000,310.500000,119254440,reg,False,AAPL
2020-02-24,297.260000,273.360000,304.180000,256.370000,349768234,reg,False,AAPL
2020-03-02,282.280000,289.030000,304.000000,277.720000,323450224,reg,False,AAPL
2020-03-09,263.750000,277.970000,286.440000,248.000000,404405247,reg,False,AAPL
2020-03-16,241.950000,229.240000,259.080000,228.000000,405065837,reg,False,AAPL
2020-03-23,228.080000,247.740000,258.680000,212.610000,346165813,reg,False,AAPL
2020-03-30,250.740000,241.410000,262.490000,236.900000,209252759,reg,False,AAPL
2020-04-06,250.900000,267.990000,271.700000,249.380000,183929846,reg,False,AAPL
2020-04-13,268.310000,282.800000,288.250000,265.830000,207386812,reg,False,AAPL
2020-04-20,277.950000,282.970000,283.010000,265.430000,169846750,reg,False,AAPL
2020-04-27,281.800000,289.070000,299.000000,278.200000,197513427,reg,False,AAPL
2020-05-04,289.170000,310.130000,310.350000,286.317200,168228968,reg,False,AAPL
2020-05-11,308.100000,307.710000,319.688000,300.210000,208536826,reg,False,AAPL
2020-05-18,313.170000,318.890000,320.890000,310.324100,133274690,reg,False,AAPL
2020-05-25,323.500000,317.940000,324.240000,313.090000,131465363,reg,False,AAPL
2020-06-01,317.750000,331.500000,331.750000,317.210000,124490802,reg,False,AAPL
2020-06-08,330.250000,338.800000,354.770000,327.320000,202956789,reg,False,AAPL
2020-06-15,333.250000,349.720000,356.560000,332.580000,194985086,reg,False,AAPL
2020-06-22,351.340000,353.630000,372.380000,351.150000,220750873,reg,False,AAPL
2015-06-29,86.610000,87.285000,87.950000,85.570000,101359881,reg,False,FB
2015-07-06,86.490000,87.950000,88.220000,85.231000,128648451,reg,False,FB
2015-07-13,88.660000,94.970000,95.390000,88.420000,163296841,reg,False,FB
2015-07-20,95.850000,96.950000,99.240000,94.810000,185477154,reg,False,FB
2015-07-27,96.580000,94.010000,97.280000,91.800000,271190062,reg,False,FB
2015-08-03,93.530000,94.300000,98.740000,92.800000,144762790,reg,False,FB
2015-08-10,95.680000,94.420000,95.900000,91.190000,104616983,reg,False,FB
2015-08-17,94.420000,86.060000,96.100000,85.610000,171220554,reg,False,FB
2015-08-24,77.030000,91.010000,91.480000,72.000000,256503519,reg,False,FB
2015-08-31,90.600000,88.260000,91.050000,86.500000,150515428,reg,False,FB
2015-09-07,89.690000,92.050000,92.080000,88.830000,107186113,reg,False,FB
2015-09-14,92.310000,94.400000,95.510000,91.600000,145450202,reg,False,FB
2015-09-21,94.620000,92.770000,96.490000,91.920000,145447879,reg,False,FB
2015-09-28,92.080000,92.070000,92.290000,85.720000,186816158,reg,False,FB
2015-10-05,92.940000,93.240000,94.270000,90.470000,121213503,reg,False,FB
2015-10-12,93.320000,97.540000,97.590000,92.670000,110153632,reg,False,FB
2015-10-19,97.180000,102.190000,102.850000,96.470000,145817167,reg,False,FB
2015-10-26,102.200000,101.970000,105.120000,101.550000,127641994,reg,False,FB
2015-11-02,102.460000,107.095000,110.650000,101.180000,187032796,reg,False,FB
2015-11-09,107.000000,103.950000,109.870000,103.830000,127675397,reg,False,FB
2015-11-16,103.320000,107.320000,107.880000,100.470000,147603170,reg,False,FB
2015-11-23,107.190000,105.450000,107.468000,104.390000,64538364,reg,False,FB
2015-11-30,105.840000,106.180000,107.920000,103.350000,112055316,reg,False,FB
2015-12-07,106.480000,102.120000,106.910000,101.910000,103275988,reg,False,FB
2015-12-14,102.285000,104.040000,107.750000,101.460000,126928259,reg,False,FB
2015-12-21,104.910000,105.020000,106.110000,103.600000,56847715,reg,False,FB
2015-12-28,105.030000,104.660000,107.740000,104.530000,61755705,reg,False,FB
2016-01-04,101.950000,97.330000,103.770000,97.031100,166842028,reg,False,FB
2016-01-11,97.910000,94.970000,100.580000,92.450000,186529732,reg,False,FB
2016-01-18,96.530000,97.940000,98.070000,89.370000,151064011,reg,False,FB
2016-01-25,98.580000,112.210000,112.840000,94.230000,288273329,reg,False,FB
2016-02-01,112.300000,104.070000,117.590000,103.180000,278615561,reg,False,FB
2016-02-08,100.090000,102.010000,105.110000,96.820000,258965528,reg,False,FB
2016-02-15,103.800000,104.570000,106.000000,100.240000,151758617,reg,False,FB
2016-02-22,105.490000,107.920000,109.450000,102.740000,152033937,reg,False,FB
2016-02-29,107.600000,108.390000,110.550000,106.750000,131558421,reg,False,FB
2016-03-07,108.070000,109.410000,109.420000,104.400000,123196160,reg,False,FB
2016-03-14,109.280000,111.450000,112.690000,108.770000,120110727,reg,False,FB
2016-03-21,111.655000,113.050000,113.190000,111.030000,73850143,reg,False,FB
2016-03-28,113.320000,116.060000,116.990000,112.950000,130380305,reg,False,FB
2016-04-04,114.070000,110.630000,114.890000,109.900000,161477263,reg,False,FB
2016-04-11,110.702500,109.640000,112.650000,106.520000,203633903,reg,False,FB
2016-04-18,109.725000,110.560000,114.040000,109.010000,131738986,reg,False,FB
2016-04-25,109.870000,117.580000,120.790000,106.310000,220003210,reg,False,FB
2016-05-02,117.820000,119.490000,119.637000,116.570000,124113388,reg,False,FB
2016-05-09,119.540000,119.810000,121.080000,114.800000,106556252,reg,False,FB
2016-05-16,119.380000,117.350000,119.610000,115.880000,113707721,reg,False,FB
2016-05-23,117.410000,119.380000,119.850000,115.940000,92635028,reg,False,FB
2016-05-30,119.460000,118.470000,120.100000,117.820000,65940515,reg,False,FB
2016-06-06,118.620000,116.620000,119.430000,116.260000,76723361,reg,False,FB
2016-06-13,114.990000,113.020000,115.480000,112.560000,113036713,reg,False,FB
2016-06-20,113.780000,112.080000,115.214200,111.000000,111618013,reg,False,FB
2016-06-27,111.510000,114.190000,115.180000,108.230000,122364460,reg,False,FB
2016-07-04,113.940000,117.240000,117.500000,112.970000,73317421,reg,False,FB
2016-07-11,117.710000,116.860000,118.720000,116.580000,80362632,reg,False,FB
2016-07-18,117.340000,121.000000,122.200000,116.890000,98680184,reg,False,FB
2016-07-25,121.460000,123.940000,128.330000,117.780000,202768213,reg,False,FB
2016-08-01,123.850000,125.150000,125.835000,122.070000,108750605,reg,False,FB
2016-08-08,125.250000,124.880000,126.090000,124.180000,69413518,reg,False,FB
2016-08-15,124.910000,123.560000,124.920000,122.780000,71400800,reg,False,FB
2016-08-22,123.340000,124.960000,125.190000,123.090000,68175168,reg,False,FB
2016-08-29,124.880000,126.510000,126.860000,124.350000,73585720,reg,False,FB
2016-09-05,126.740000,127.100000,131.980000,126.470000,97046477,reg,False,FB
2016-09-12,125.980000,129.070000,129.180000,125.750000,94220304,reg,False,FB
2016-09-19,129.910000,127.960000,130.730000,127.300000,83975511,reg,False,FB
2016-09-26,127.420000,128.270000,129.470000,126.800000,75684873,reg,False,FB
2016-10-03,128.410000,128.990000,129.276500,127.549900,64338393,reg,False,FB
2016-10-10,129.690000,127.880000,130.700000,126.750000,74234237,reg,False,FB
2016-10-17,128.200000,132.070000,132.130000,127.320000,73864266,reg,False,FB
2016-10-24,132.790000,131.290000,133.500000,129.270000,85178685,reg,False,FB
2016-10-31,132.010000,120.750000,132.120000,119.250000,182248711,reg,False,FB
2016-11-07,123.150000,119.020000,124.610000,115.270000,175072509,reg,False,FB
2016-11-14,119.000000,117.020000,119.130000,113.553500,159933425,reg,False,FB
2016-11-21,118.200000,120.380000,122.980000,117.800000,85835270,reg,False,FB
2016-11-28,120.010000,115.400000,122.100000,114.000000,135528550,reg,False,FB
2016-12-05,115.950000,119.680000,119.940000,115.070000,101153880,reg,False,FB
2016-12-12,119.200000,119.870000,122.500000,117.610000,118950517,reg,False,FB
2016-12-19,119.850000,117.270000,120.360000,116.300000,67518766,reg,False,FB
2016-12-26,117.110000,115.050000,118.680000,114.773900,52757837,reg,False,FB
2017-01-02,115.960000,123.410000,123.880000,115.510000,88332257,reg,False,FB
2017-01-09,123.550000,128.340000,129.270000,123.040000,102099712,reg,False,FB
2017-01-16,128.040000,127.040000,128.480000,126.780000,59733000,reg,False,FB
2017-01-23,127.310000,132.180000,133.140000,126.950000,90093256,reg,False,FB
2017-01-30,131.480000,130.980000,135.490000,129.515700,168057691,reg,False,FB
2017-02-06,130.980000,134.190000,134.940000,130.300000,85578047,reg,False,FB
2017-02-13,134.580000,133.530000,134.697500,132.550000,66225214,reg,False,FB
2017-02-20,133.500000,135.440000,136.790000,132.900000,73167492,reg,False,FB
2017-02-27,135.260000,137.170000,137.820000,134.750000,70131137,reg,False,FB
2017-03-06,136.800000,138.790000,139.490000,136.510000,68309197,reg,False,FB
2017-03-13,138.710000,139.840000,140.340000,138.490000,77450054,reg,False,FB
2017-03-20,139.770000,140.340000,142.308200,137.600000,88737188,reg,False,FB
2017-03-27,139.050000,142.050000,142.950000,138.770000,67889816,reg,False,FB
2017-04-03,141.910000,140.780000,143.440000,140.240000,70592385,reg,False,FB
2017-04-10,141.000000,139.390000,141.430000,138.810000,48255523,reg,False,FB
2017-04-17,139.760000,143.680000,144.250000,139.750000,70241246,reg,False,FB
2017-04-24,144.960000,150.250000,151.530000,144.340000,86497017,reg,False,FB
2017-05-01,151.720000,150.240000,153.600000,148.720000,130245167,reg,False,FB
2017-05-08,150.730000,150.330000,152.590000,148.860000,66802090,reg,False,FB
2017-05-15,150.110000,148.060000,151.480000,144.421600,97135002,reg,False,FB
2017-05-22,148.080000,152.130000,152.590000,147.250000,78232754,reg,False,FB
2017-05-29,151.800000,153.610000,153.630000,150.300000,62634889,reg,False,FB
2017-06-05,153.650000,149.600000,155.590000,146.610000,91421288,reg,False,FB
2017-06-12,147.970000,150.640000,152.400000,144.560000,116338858,reg,False,FB
2017-06-19,152.000000,155.070000,155.200000,151.710000,79842661,reg,False,FB
2017-06-26,156.200000,150.980000,156.500000,148.917500,95769025,reg,False,FB
2017-07-03,151.720000,151.440000,152.150000,147.800000,56764758,reg,False,FB
2017-07-10,151.650000,159.970000,160.320000,151.510000,80086247,reg,False,FB
2017-07-17,160.250000,164.430000,165.700000,158.810000,96122497,reg,False,FB
2017-07-24,164.640000,172.450000,175.490000,163.861900,161455340,reg,False,FB
2017-07-31,172.000000,169.620000,172.720000,166.910000,78869244,reg,False,FB
2017-08-07,169.950000,168.080000,173.050000,166.850000,72620251,reg,False,FB
2017-08-14,170.080000,167.410000,171.500000,166.210000,69772995,reg,False,FB
2017-08-21,167.160000,166.320000,169.870000,165.820000,59799833,reg,False,FB
2017-08-28,166.890000,172.020000,172.915000,165.000000,59717074,reg,False,FB
2017-09-04,171.200000,170.950000,173.490000,169.550000,56175455,reg,False,FB
2017-09-11,172.410000,171.640000,174.000000,170.260000,63953856,reg,False,FB
2017-09-18,171.850000,170.540000,173.050000,169.220000,61645283,reg,False,FB
2017-09-25,169.250000,170.870000,171.660000,161.560000,111376579,reg,False,FB
2017-10-02,171.490000,172.230000,172.370000,168.290000,61415541,reg,False,FB
2017-10-09,172.750000,173.740000,174.880000,170.800000,61204508,reg,False,FB
2017-10-16,174.450000,174.980000,176.740000,172.630000,66891770,reg,False,FB
2017-10-23,175.200000,177.880000,178.210000,168.890000,84107190,reg,False,FB
2017-10-30,179.270000,178.920000,182.900000,176.710000,138797756,reg,False,FB
2017-11-06,178.610000,178.460000,180.747800,177.090000,60415596,reg,False,FB
2017-11-13,177.500000,179.000000,179.980000,176.400000,57988544,reg,False,FB
2017-11-20,178.860000,182.780000,183.150000,178.100000,44358993,reg,False,FB
2017-11-27,182.720000,175.100000,184.250000,172.340000,114147798,reg,False,FB
2017-12-04,176.400000,179.000000,182.280000,169.010000,105188473,reg,False,FB
2017-12-11,179.300000,180.180000,180.493400,176.600000,86692491,reg,False,FB
2017-12-18,181.000000,177.200000,181.300000,176.230000,64156606,reg,False,FB
2017-12-25,176.630000,176.460000,178.936700,174.670000,40875573,reg,False,FB
2018-01-01,177.630000,186.850000,186.900000,177.550000,62493897,reg,False,FB
2018-01-08,187.400000,179.370000,188.900000,177.400000,128057563,reg,False,FB
2018-01-15,181.700000,181.290000,182.370000,175.800000,114307659,reg,False,FB
2018-01-22,180.780000,190.000000,190.660000,180.410000,106209745,reg,False,FB
2018-01-29,188.700000,190.280000,195.320000,181.840000,165475649,reg,False,FB
2018-02-05,186.930000,176.110000,190.610000,167.180000,176854544,reg,False,FB
2018-02-12,176.990000,177.360000,180.500000,171.840000,124768917,reg,False,FB
2018-02-19,175.760000,183.290000,183.390000,175.110000,81877205,reg,False,FB
2018-02-26,184.800000,176.620000,185.660000,172.990000,95460079,reg,False,FB
2018-03-05,176.200000,185.230000,185.510000,175.890000,86125595,reg,False,FB
2018-03-12,185.260000,185.090000,186.100000,181.110000,90238907,reg,False,FB
2018-03-19,176.970000,159.390000,177.170000,159.020000,451943347,reg,False,FB
2018-03-26,160.630000,159.790000,162.850000,149.020000,324697092,reg,False,FB
2018-04-02,157.910000,157.200000,161.575000,150.510000,212319861,reg,False,FB
2018-04-09,157.820000,164.520000,168.650000,156.040000,208260418,reg,False,FB
2018-04-16,165.680000,166.280000,169.000000,163.390000,103186431,reg,False,FB
2018-04-23,167.250000,173.590000,177.100000,156.190000,206613200,reg,False,FB
2018-04-30,173.790000,176.610000,178.080000,170.230000,118904775,reg,False,FB
2018-05-07,177.200000,186.990000,188.320000,177.110000,99836468,reg,False,FB
2018-05-14,187.750000,182.680000,187.860000,182.220000,76022798,reg,False,FB
2018-05-21,183.770000,184.920000,186.910000,182.180000,66212186,reg,False,FB
2018-05-28,184.300000,193.990000,194.549200,183.710000,78225679,reg,False,FB
2018-06-04,191.900000,189.100000,195.000000,186.430000,91223272,reg,False,FB
2018-06-11,188.810000,195.850000,197.280000,188.800000,81327229,reg,False,FB
2018-06-18,194.800000,201.740000,203.550000,193.790000,101516857,reg,False,FB
2018-06-25,200.000000,194.320000,200.750000,193.110000,95891162,reg,False,FB
2018-07-02,193.330000,203.230000,203.640000,192.220000,66875416,reg,False,FB
2018-07-09,204.820000,207.320000,208.430000,201.750000,71224988,reg,False,FB
2018-07-16,207.320000,209.940000,211.500000,204.840000,69354945,reg,False,FB
2018-07-23,210.610000,174.890000,218.620000,173.000000,339670652,reg,False,FB
2018-07-30,175.210000,177.780000,178.850000,166.560000,196842755,reg,False,FB
2018-08-06,179.100000,180.260000,188.300000,178.380000,146552514,reg,False,FB
2018-08-13,180.000000,173.800000,182.610000,172.040000,125790450,reg,False,FB
2018-08-20,174.090000,174.645000,175.550000,170.910000,90675726,reg,False,FB
2018-08-27,176.000000,175.730000,179.790100,174.750000,94792602,reg,False,FB
2018-09-03,173.500000,163.040000,173.890000,160.000000,126851149,reg,False,FB
2018-09-10,163.460000,162.320000,167.190000,160.340000,111957066,reg,False,FB
2018-09-17,161.810000,162.930000,167.250000,158.865600,128030391,reg,False,FB
2018-09-24,161.000000,164.460000,171.770000,160.880000,133630306,reg,False,FB
2018-10-01,163.020000,157.330000,165.880000,156.200000,137031792,reg,False,FB
2018-10-08,155.530000,153.740000,160.590000,149.160000,134132756,reg,False,FB
2018-10-15,153.320000,154.050000,160.490000,152.550000,93642050,reg,False,FB
2018-10-22,154.760000,145.370000,157.340000,143.800000,115673324,reg,False,FB
2018-10-29,148.390000,150.350000,156.400000,139.030000,192315794,reg,False,FB
2018-11-05,150.100000,144.960000,153.010000,144.070000,95987057,reg,False,FB
2018-11-12,144.480000,139.530000,145.580000,137.770000,123323057,reg,False,FB
2018-11-19,137.500000,131.730000,137.750000,126.850000,123658067,reg,False,FB
2018-11-26,133.000000,140.610000,140.966000,131.850000,124832753,reg,False,FB
2018-12-03,142.940000,137.420000,143.679900,133.670000,104540231,reg,False,FB
2018-12-10,139.600000,144.060000,147.190000,139.010000,110353888,reg,False,FB
2018-12-17,143.080000,124.950000,145.930000,123.420000,203647372,reg,False,FB
2018-12-24,123.020000,133.200000,135.920000,123.020000,115619450,reg,False,FB
2018-12-31,134.400000,137.950000,138.000000,128.560000,104491508,reg,False,FB
2019-01-07,137.450000,143.800000,145.360000,135.910000,97592044,reg,False,FB
2019-01-14,142.020000,150.040000,152.430000,141.270000,109432340,reg,False,FB
2019-01-21,149.060000,149.010000,151.530000,142.520000,85683581,reg,False,FB
2019-01-28,148.050000,165.710000,171.680000,143.430000,185793791,reg,False,FB
2019-02-04,165.550000,167.330000,172.470000,163.620000,85953647,reg,False,FB
2019-02-11,167.750000,162.500000,168.340000,160.860000,71568178,reg,False,FB
2019-02-18,160.350000,161.890000,164.150000,159.590000,57582378,reg,False,FB
2019-02-25,163.070000,162.280000,166.240000,160.410000,67417661,reg,False,FB
2019-03-04,163.900000,169.600000,173.570000,163.830000,100105637,reg,False,FB
2019-03-11,171.600000,165.980000,174.300000,162.510000,98175891,reg,False,FB
2019-03-18,163.570000,164.340000,167.420000,159.280000,115959345,reg,False,FB
2019-03-25,163.000000,166.690000,169.450000,162.000000,62834074,reg,False,FB
2019-04-01,167.830000,175.700000,178.000000,167.278900,89359941,reg,False,FB
2019-04-08,175.210000,179.100000,179.630000,174.230000,59150668,reg,False,FB
2019-04-15,178.500000,178.280000,180.740000,176.870000,43679295,reg,False,FB
2019-04-22,178.250000,191.490000,198.480000,178.250000,146858365,reg,False,FB
2019-04-29,190.950000,195.470000,197.390000,189.750000,86917531,reg,False,FB
2019-05-06,191.240000,188.340000,194.280000,184.590000,68299211,reg,False,FB
2019-05-13,183.500000,185.300000,188.575000,178.100000,74646874,reg,False,FB
2019-05-20,181.880000,181.060000,186.740000,179.670000,48645138,reg,False,FB
2019-05-27,181.540000,177.470000,184.711900,177.160000,51449073,reg,False,FB
2019-06-03,175.000000,173.350000,175.050000,160.840000,151225879,reg,False,FB
2019-06-10,174.750000,181.330000,181.839800,172.880000,76761628,reg,False,FB
2019-06-17,185.010000,191.140000,194.530000,184.410500,125835224,reg,False,FB
2019-06-24,192.420000,193.000000,193.980000,187.310000,72605729,reg,False,FB
2019-07-01,195.210000,196.400000,197.400000,191.930000,44664895,reg,False,FB
2019-07-08,195.190000,204.870000,205.300000,193.640000,74038900,reg,False,FB
2019-07-15,204.250000,198.360000,205.470700,198.070000,64301585,reg,False,FB
2019-07-22,199.910000,199.750000,208.660000,196.250000,125029098,reg,False,FB
2019-07-29,199.000000,189.020000,199.630000,188.070000,76101891,reg,False,FB
2019-08-05,184.690000,187.850000,190.980000,179.340000,82843265,reg,False,FB
2019-08-12,186.850000,183.700000,191.380000,179.310000,69397790,reg,False,FB
2019-08-19,186.010000,177.750000,187.500000,176.660000,56357531,reg,False,FB
2019-08-26,179.400000,185.670000,186.801700,178.240000,53502238,reg,False,FB
2019-09-02,184.000000,187.490000,191.360000,182.110000,50230199,reg,False,FB
2019-09-09,187.730000,187.190000,190.930000,184.550000,64800820,reg,False,FB
2019-09-16,186.930000,189.930000,193.100000,185.540000,58976775,reg,False,FB
2019-09-23,189.340000,177.100000,190.100000,175.660000,82429981,reg,False,FB
2019-09-30,177.870000,180.450000,180.980000,173.090000,71972843,reg,False,FB
2019-10-07,180.000000,184.190000,186.490000,177.720000,51073295,reg,False,FB
2019-10-14,184.200000,185.850000,191.490000,182.573500,59551537,reg,False,FB
2019-10-21,187.040000,187.890000,190.650000,181.500000,60372401,reg,False,FB
2019-10-28,187.200000,193.620000,198.090000,185.080000,119965657,reg,False,FB
2019-11-04,194.550000,190.840000,197.367200,189.470000,61524047,reg,False,FB
2019-11-11,189.930000,195.100000,195.700000,188.540000,57853151,reg,False,FB
2019-11-18,194.560000,198.820000,200.000000,193.050000,69707440,reg,False,FB
2019-11-25,199.515000,201.640000,203.800000,198.038700,47780905,reg,False,FB
2019-12-02,202.130000,201.050000,202.180000,195.080000,55051004,reg,False,FB
2019-12-09,200.650000,194.110000,203.660000,193.170000,72113619,reg,False,FB
2019-12-16,195.270000,206.300000,207.710000,194.810000,92508494,reg,False,FB
2019-12-23,206.700000,208.100000,208.930000,205.000000,39055374,reg,False,FB
2019-12-30,207.860000,208.670000,210.400000,203.600100,42785320,reg,False,FB
2020-01-06,206.700000,218.060000,219.880000,206.520000,70485432,reg,False,FB
2020-01-13,219.596500,222.140000,222.630000,218.630000,63767585,reg,False,FB
2020-01-20,222.155000,217.940000,222.750000,216.110000,49589422,reg,False,FB
2020-01-27,213.100000,201.910000,224.200000,201.060000,140969912,reg,False,FB
2020-02-03,203.440000,212.330000,212.820000,202.500000,70487616,reg,False,FB
2020-02-10,211.520000,214.180000,214.930000,206.510200,76839236,reg,False,FB
2020-02-17,213.550000,210.180000,218.765000,208.830500,54972785,reg,False,FB
2020-02-24,201.800000,192.470000,203.650000,181.820000,115334874,reg,False,FB
2020-03-02,194.030000,181.090000,197.240000,176.260000,119888507,reg,False,FB
2020-03-09,169.600000,170.280000,178.290000,154.340000,153158998,reg,False,FB
2020-03-16,152.320000,149.730000,159.929400,137.100600,183359861,reg,False,FB
2020-03-23,149.660000,156.790000,164.000000,142.250000,146914295,reg,False,FB
2020-03-30,159.180000,154.180000,170.930000,150.830000,112568693,reg,False,FB
2020-04-06,160.150000,175.190000,177.080000,158.510000,105063985,reg,False,FB
2020-04-13,173.670000,179.240000,181.225000,169.450000,102358152,reg,False,FB
2020-04-20,177.410000,190.070000,190.410000,168.340800,124626255,reg,False,FB
2020-04-27,192.657000,202.270000,209.690000,182.560000,173528954,reg,False,FB
2020-05-04,200.200000,212.350000,213.210000,198.756200,89854883,reg,False,FB
2020-05-11,210.886500,210.880000,215.275000,200.690000,84863255,reg,False,FB
2020-05-18,212.150000,234.910000,237.200000,210.940000,183881670,reg,False,FB
2020-05-25,239.770000,225.090000,240.900000,221.134700,120621360,reg,False,FB
2020-06-01,224.590000,230.770000,233.000000,223.500000,88315058,reg,False,FB
2020-06-08,229.030000,228.580000,241.210000,223.550000,112449630,reg,False,FB
2020-06-15,225.090000,238.790000,240.830000,224.800000,96018823,reg,False,FB
2020-06-22,238.560000,216.080000,245.185300,215.400000,158818879,reg,False,FB
2015-06-29,114.160000,114.970000,115.670000,113.000000,25549869,reg,False,DIS
2015-07-06,114.450000,116.440000,117.430000,114.270000,36723153,reg,False,DIS
2015-07-13,117.750000,118.860000,119.150000,117.250000,28915050,reg,False,DIS
2015-07-20,119.290000,118.910000,119.900000,118.570000,24118266,reg,False,DIS
2015-07-27,118.700000,120.000000,120.720000,117.780000,27907442,reg,False,DIS
2015-08-03,120.900000,109.350000,122.080000,104.240000,155029210,reg,False,DIS
2015-08-10,110.000000,107.160000,111.000000,105.510000,59070507,reg,False,DIS
2015-08-17,107.300000,98.840000,109.280000,96.610000,94986976,reg,False,DIS
2015-08-24,93.380000,102.480000,103.340000,90.000000,91532011,reg,False,DIS
2015-08-31,102.300000,100.970000,103.030000,99.157800,53046118,reg,False,DIS
2015-09-07,102.950000,104.480000,104.950000,101.331000,36704882,reg,False,DIS
2015-09-14,104.650000,102.840000,105.950000,101.830000,43993016,reg,False,DIS
2015-09-21,103.660000,100.300000,103.830000,99.240000,39187056,reg,False,DIS
2015-09-28,99.900000,103.000000,103.470000,97.770000,43504607,reg,False,DIS
2015-10-05,103.670000,105.560000,106.050000,102.610100,34654423,reg,False,DIS
2015-10-12,105.910000,108.240000,108.500000,105.230000,31733431,reg,False,DIS
2015-10-19,108.250000,113.090000,114.210000,107.940000,44415141,reg,False,DIS
2015-10-26,113.070000,113.740000,115.400000,112.120000,32666733,reg,False,DIS
2015-11-02,114.400000,115.670000,116.830000,110.810000,66469565,reg,False,DIS
2015-11-09,115.900000,114.840000,117.580000,114.380000,39240733,reg,False,DIS
2015-11-16,113.490000,120.070000,120.250000,113.335000,35871945,reg,False,DIS
2015-11-23,120.300000,115.130000,120.650000,113.700000,35808150,reg,False,DIS
2015-11-30,115.560000,114.240000,115.580000,111.440000,52462162,reg,False,DIS
2015-12-07,114.560000,108.040000,114.560000,107.617700,42634867,reg,False,DIS
2015-12-14,108.785000,107.720000,114.750000,107.350000,73120691,reg,False,DIS
2015-12-21,108.800000,105.860000,110.100000,104.300000,48220745,reg,False,DIS
2015-12-28,106.500000,105.080000,108.200000,105.060000,29287030,reg,False,DIS
2016-01-04,103.370000,99.250000,103.430000,98.520000,68050654,reg,False,DIS
2016-01-11,100.230000,93.900000,101.880000,93.460000,63547009,reg,False,DIS
2016-01-18,95.000000,96.900000,97.420000,90.420000,54586865,reg,False,DIS
2016-01-25,96.680000,95.820000,96.680000,92.370000,36580985,reg,False,DIS
2016-02-01,95.080000,93.900000,96.730000,92.420000,42398437,reg,False,DIS
2016-02-08,92.560000,91.150000,93.200000,86.250000,93947223,reg,False,DIS
2016-02-15,92.490000,95.010000,96.450000,91.790000,37272993,reg,False,DIS
2016-02-22,96.250000,95.310000,97.000000,93.230000,30019181,reg,False,DIS
2016-02-29,95.310000,98.480000,99.210000,95.230000,36754000,reg,False,DIS
2016-03-07,98.550000,97.940000,99.710000,95.870000,31517887,reg,False,DIS
2016-03-14,97.940000,99.200000,100.150000,97.390000,34787490,reg,False,DIS
2016-03-21,98.900000,97.220000,99.119900,96.300000,24641336,reg,False,DIS
2016-03-28,97.590000,99.070000,100.370000,97.362000,29099675,reg,False,DIS
2016-04-04,99.300000,96.420000,99.440000,95.800000,37613950,reg,False,DIS
2016-04-11,96.930000,98.590000,99.866000,96.070000,32984172,reg,False,DIS
2016-04-18,99.600000,103.770000,104.120000,99.500000,41573134,reg,False,DIS
2016-04-25,103.510000,103.260000,105.600000,102.400000,31231233,reg,False,DIS
2016-05-02,103.450000,105.540000,105.740000,102.800000,31847559,reg,False,DIS
2016-05-09,106.010000,100.520000,106.750000,100.360000,71197500,reg,False,DIS
2016-05-16,100.410000,99.780000,101.290000,97.510000,41490975,reg,False,DIS
2016-05-23,99.600000,100.290000,100.800000,99.120000,24960119,reg,False,DIS
2016-05-30,99.850000,98.750000,99.890000,97.730000,29327551,reg,False,DIS
2016-06-06,98.950000,97.340000,99.120000,96.780000,28644881,reg,False,DIS
2016-06-13,96.750000,99.000000,99.140100,96.700000,37644366,reg,False,DIS
2016-06-20,100.080000,95.720000,100.960000,95.140000,39326037,reg,False,DIS
2016-06-27,94.910000,98.030000,98.640000,94.000000,36063043,reg,False,DIS
2016-07-04,97.750000,99.620000,99.850000,96.760000,23261541,reg,False,DIS
2016-07-11,99.800000,99.800000,100.800000,99.400000,32657004,reg,False,DIS
2016-07-18,99.900000,97.710000,100.709000,97.140000,33910088,reg,False,DIS
2016-07-25,97.770000,95.950000,98.060000,95.820000,33989198,reg,False,DIS
2016-08-01,96.150000,95.830000,96.425000,94.560000,40411243,reg,False,DIS
2016-08-08,96.110000,96.840000,99.270000,95.300000,69116205,reg,False,DIS
2016-08-15,97.350000,96.390000,97.610000,96.050000,28387741,reg,False,DIS
2016-08-22,96.470000,95.210000,96.470000,94.750000,26942324,reg,False,DIS
2016-08-29,95.070000,94.420000,95.320000,93.910000,33779483,reg,False,DIS
2016-09-05,94.530000,92.420000,94.530000,92.390000,32431471,reg,False,DIS
2016-09-12,91.960000,92.560000,93.860000,91.190000,41685763,reg,False,DIS
2016-09-19,92.800000,93.270000,93.710000,91.700000,34549505,reg,False,DIS
2016-09-26,92.470000,92.860000,93.493200,91.400000,44289338,reg,False,DIS
2016-10-03,92.470000,92.490000,93.580000,92.020000,30732012,reg,False,DIS
2016-10-10,92.800000,91.300000,93.210000,90.315000,27799619,reg,False,DIS
2016-10-17,91.350000,93.030000,94.190000,90.560000,36133619,reg,False,DIS
2016-10-24,93.490000,93.850000,94.400000,91.900000,34770663,reg,False,DIS
2016-10-31,93.720000,92.450000,94.130000,91.660000,38331498,reg,False,DIS
2016-11-07,93.770000,97.680000,98.320000,92.110000,58644659,reg,False,DIS
2016-11-14,97.850000,98.240000,99.500000,97.420000,47344155,reg,False,DIS
2016-11-21,98.060000,98.820000,99.070000,97.000000,26658009,reg,False,DIS
2016-11-28,98.520000,98.500000,100.289500,98.250000,44567928,reg,False,DIS
2016-12-05,98.980000,104.860000,105.523700,98.680000,60713487,reg,False,DIS
2016-12-12,104.610000,103.910000,105.640000,103.500000,44616210,reg,False,DIS
2016-12-19,105.750000,105.150000,106.260000,104.510000,34094956,reg,False,DIS
2016-12-26,104.850000,104.220000,105.556000,103.870000,21698294,reg,False,DIS
2017-01-02,105.300000,108.980000,109.350000,105.205000,33060547,reg,False,DIS
2017-01-09,108.580000,108.060000,109.490100,106.900000,36421744,reg,False,DIS
2017-01-16,107.980000,107.660000,108.930000,106.810000,25748548,reg,False,DIS
2017-01-23,107.340000,109.300000,109.400000,106.570000,29019331,reg,False,DIS
2017-01-30,109.860000,110.300000,111.990000,108.960000,47220056,reg,False,DIS
2017-02-06,109.920000,109.260000,111.420000,108.581400,44738220,reg,False,DIS
2017-02-13,109.020000,110.060000,110.870000,108.900000,31038656,reg,False,DIS
2017-02-20,109.940000,110.320000,110.490000,109.100000,21168603,reg,False,DIS
2017-02-27,109.930000,111.240000,111.800000,109.830000,26291386,reg,False,DIS
2017-03-06,110.772000,110.920000,111.500000,110.090000,23060576,reg,False,DIS
2017-03-13,110.920000,111.760000,112.890000,110.820000,31277226,reg,False,DIS
2017-03-20,112.070000,112.140000,113.160000,111.350000,33326020,reg,False,DIS
2017-03-27,111.810000,113.390000,113.710000,111.450000,23342135,reg,False,DIS
2017-04-03,113.180000,112.580000,113.840000,112.390000,21869408,reg,False,DIS
2017-04-10,112.800000,113.200000,114.250100,112.040000,19901467,reg,False,DIS
2017-04-17,113.330000,114.440000,115.120000,113.000000,28548515,reg,False,DIS
2017-04-24,115.260000,115.600000,116.100000,113.660000,26921185,reg,False,DIS
2017-05-01,115.590000,111.990000,115.610000,109.060000,39651674,reg,False,DIS
2017-05-08,112.040000,109.690000,112.390000,108.130000,45467501,reg,False,DIS
2017-05-15,109.730000,107.520000,110.080000,105.230000,41920422,reg,False,DIS
2017-05-22,107.710000,108.410000,108.490000,106.775000,31702241,reg,False,DIS
2017-05-29,108.490000,107.180000,108.650000,106.950000,31561260,reg,False,DIS
2017-06-05,107.040000,105.620000,107.220000,104.080000,42134874,reg,False,DIS
2017-06-12,105.970000,105.510000,107.260000,104.765000,31742753,reg,False,DIS
2017-06-19,105.600000,104.360000,106.000000,103.170000,45921441,reg,False,DIS
2017-06-26,104.600000,106.250000,107.540000,104.520000,31818364,reg,False,DIS
2017-07-03,106.760000,103.320000,108.620000,102.720000,28170991,reg,False,DIS
2017-07-10,103.300000,105.090000,105.340000,102.870000,23891667,reg,False,DIS
2017-07-17,105.170000,107.090000,107.710000,104.310000,26017650,reg,False,DIS
2017-07-24,107.310000,109.960000,110.190000,106.200000,29492380,reg,False,DIS
2017-07-31,110.020000,107.690000,110.830000,107.320000,37014925,reg,False,DIS
2017-08-07,107.610000,101.990000,107.650000,100.500000,67428107,reg,False,DIS
2017-08-14,102.800000,100.700000,102.810000,100.660000,38780953,reg,False,DIS
2017-08-21,100.640000,102.410000,102.980000,100.530000,32499223,reg,False,DIS
2017-08-28,102.500000,101.500000,103.450000,101.000000,35866551,reg,False,DIS
2017-09-04,102.000000,97.070000,102.550000,96.200000,56690950,reg,False,DIS
2017-09-11,97.900000,98.520000,98.949100,96.960000,59957645,reg,False,DIS
2017-09-18,98.390000,98.600000,99.390000,97.720000,31760088,reg,False,DIS
2017-09-25,98.600000,98.570000,99.740000,97.660000,36645085,reg,False,DIS
2017-10-02,99.310000,100.070000,100.930000,99.110000,26594044,reg,False,DIS
2017-10-09,100.810000,97.380000,100.980000,96.800000,38994241,reg,False,DIS
2017-10-16,97.640000,99.400000,99.660000,97.540000,27831438,reg,False,DIS
2017-10-23,99.120000,98.310000,99.480000,96.890000,30035013,reg,False,DIS
2017-10-30,98.120000,98.640000,99.460000,97.384200,31931988,reg,False,DIS
2017-11-06,98.370000,104.780000,106.240000,98.350000,64803432,reg,False,DIS
2017-11-13,104.140000,103.440000,105.140000,102.448800,34388438,reg,False,DIS
2017-11-20,103.420000,102.640000,103.420000,102.450000,17196752,reg,False,DIS
2017-11-27,102.620000,105.250000,106.260000,102.170000,46119134,reg,False,DIS
2017-12-04,106.500000,104.230000,112.670000,104.077500,55486444,reg,False,DIS
2017-12-11,104.870000,111.270000,112.000000,104.770000,73499184,reg,False,DIS
2017-12-18,111.840000,108.670000,112.390000,108.450000,48228897,reg,False,DIS
2017-12-25,108.490000,107.510000,109.370000,107.060000,17622579,reg,False,DIS
2018-01-01,108.950000,111.620000,113.190000,108.560000,33677923,reg,False,DIS
2018-01-08,110.890000,112.470000,112.720000,109.010000,32277426,reg,False,DIS
2018-01-15,113.070000,110.590000,113.160000,109.840000,33685102,reg,False,DIS
2018-01-22,110.270000,112.190000,112.532400,109.890000,36797261,reg,False,DIS
2018-01-29,112.100000,108.700000,112.450000,107.360000,44549571,reg,False,DIS
2018-02-05,107.100000,103.090000,108.630000,100.260000,70465219,reg,False,DIS
2018-02-12,103.930000,106.530000,107.345000,102.100000,40699353,reg,False,DIS
2018-02-19,106.370000,107.250000,107.565000,104.930000,24041058,reg,False,DIS
2018-02-26,108.000000,102.990000,109.810000,101.330000,51401249,reg,False,DIS
2018-03-05,102.671000,104.730000,104.950000,102.420000,30413142,reg,False,DIS
2018-03-12,104.715000,102.870000,105.940000,102.840000,35080419,reg,False,DIS
2018-03-19,102.800000,98.540000,102.950000,98.450000,37411717,reg,False,DIS
2018-03-26,99.860000,100.440000,101.280000,98.150000,32976884,reg,False,DIS
2018-04-02,100.180000,100.350000,102.380000,97.700000,39222749,reg,False,DIS
2018-04-09,100.680000,100.350000,101.650000,99.580000,35386035,reg,False,DIS
2018-04-16,100.690000,100.240000,102.710000,99.730000,38919216,reg,False,DIS
2018-04-23,100.550000,99.230000,101.490000,98.860000,37511666,reg,False,DIS
2018-04-30,100.410000,101.150000,101.373600,97.680000,44992272,reg,False,DIS
2018-05-07,102.350000,102.070000,102.680000,99.300000,58719602,reg,False,DIS
2018-05-14,102.440000,103.930000,105.480000,101.980000,36513790,reg,False,DIS
2018-05-21,104.220000,102.200000,105.490000,101.210000,35323692,reg,False,DIS
2018-05-28,100.550000,99.360000,101.650000,98.809000,34954507,reg,False,DIS
2018-06-04,99.760000,103.980000,103.990000,99.700000,35054898,reg,False,DIS
2018-06-11,103.930000,108.850000,109.490000,102.670000,73637549,reg,False,DIS
2018-06-18,107.000000,106.340000,107.900000,105.760000,53777379,reg,False,DIS
2018-06-25,106.025000,104.810000,106.080000,103.480100,36427606,reg,False,DIS
2018-07-02,104.150000,104.780000,105.950000,103.500000,18233320,reg,False,DIS
2018-07-09,105.010000,110.000000,110.240000,104.750000,34813002,reg,False,DIS
2018-07-16,109.304800,111.480000,114.680000,108.770000,53337975,reg,False,DIS
2018-07-23,111.050000,112.620000,114.561700,109.630000,33030947,reg,False,DIS
2018-07-30,112.200000,114.090000,114.095000,111.680000,28862112,reg,False,DIS
2018-08-06,114.620000,112.680000,117.900000,112.400000,52691946,reg,False,DIS
2018-08-13,112.660000,112.480000,113.330000,111.470000,25439718,reg,False,DIS
2018-08-20,112.930000,111.930000,113.000000,111.440000,22457823,reg,False,DIS
2018-08-27,112.490000,112.020000,112.890000,111.560000,20026018,reg,False,DIS
2018-09-03,111.800000,110.970000,112.000000,109.360000,22802178,reg,False,DIS
2018-09-10,111.440000,109.260000,111.907500,108.880000,26494028,reg,False,DIS
2018-09-17,109.545000,110.400000,111.980000,108.230000,49370955,reg,False,DIS
2018-09-24,112.270000,116.940000,117.460000,111.700000,45105345,reg,False,DIS
2018-10-01,117.280000,114.780000,118.100000,114.730000,33476717,reg,False,DIS
2018-10-08,114.830000,112.610000,117.770000,110.320000,37429746,reg,False,DIS
2018-10-15,111.930000,118.900000,119.170000,111.890000,37856161,reg,False,DIS
2018-10-22,119.050000,113.190000,119.690000,111.250000,44035878,reg,False,DIS
2018-10-29,114.450000,115.180000,116.950000,111.960000,38954052,reg,False,DIS
2018-11-05,115.740000,118.000000,120.200000,115.120000,49160558,reg,False,DIS
2018-11-12,118.000000,116.190000,118.460000,115.700000,35161438,reg,False,DIS
2018-11-19,116.000000,112.080000,117.830000,111.520000,31394023,reg,False,DIS
2018-11-26,113.180000,115.490000,117.140000,111.920000,51092375,reg,False,DIS
2018-12-03,116.650000,111.980000,116.920000,111.160000,38931306,reg,False,DIS
2018-12-10,111.980000,112.200000,113.980000,109.530100,36186923,reg,False,DIS
2018-12-17,112.290000,104.220000,112.890000,103.860000,48748869,reg,False,DIS
2018-12-24,103.230000,107.300000,108.520000,100.350000,32377625,reg,False,DIS
2018-12-31,109.110000,109.610000,110.750000,105.943600,37682634,reg,False,DIS
2019-01-07,109.910000,112.650000,112.920000,109.300000,32356446,reg,False,DIS
2019-01-14,111.650000,111.040000,113.180000,110.160000,37628531,reg,False,DIS
2019-01-21,110.620000,111.090000,111.840000,109.750000,26259792,reg,False,DIS
2019-01-28,110.760000,111.300000,112.050000,108.960000,34195645,reg,False,DIS
2019-02-04,111.410000,111.510000,113.920000,109.810000,49939439,reg,False,DIS
2019-02-11,111.770000,112.590000,112.632500,109.150000,40138293,reg,False,DIS
2019-02-18,112.910000,115.250000,115.770000,112.830000,33466252,reg,False,DIS
2019-02-25,115.620000,114.010000,115.800000,112.460000,39246080,reg,False,DIS
2019-03-04,114.420000,113.810000,115.050000,112.900000,31466014,reg,False,DIS
2019-03-11,114.040000,114.960000,115.480000,113.680000,67209938,reg,False,DIS
2019-03-18,113.030000,108.230000,114.000000,107.510000,154315713,reg,False,DIS
2019-03-25,108.490000,111.030000,111.600000,107.320000,73783063,reg,False,DIS
2019-04-01,111.590000,115.000000,115.130000,111.380000,55837971,reg,False,DIS
2019-04-08,115.000000,130.060000,130.900000,114.635000,120523526,reg,False,DIS
2019-04-15,131.050000,132.450000,132.870000,129.280000,73482356,reg,False,DIS
2019-04-22,131.900000,139.920000,140.040000,131.032500,64356336,reg,False,DIS
2019-04-29,142.190000,134.330000,142.370000,132.380000,75360734,reg,False,DIS
2019-05-06,132.540000,134.040000,136.480000,131.230000,61507350,reg,False,DIS
2019-05-13,131.500000,135.040000,136.400000,130.550000,51779278,reg,False,DIS
2019-05-20,134.250000,132.790000,134.570000,131.950000,31466501,reg,False,DIS
2019-05-27,133.210000,132.040000,134.040000,130.778300,29382847,reg,False,DIS
2019-06-03,132.020000,138.040000,138.760000,131.490000,36045244,reg,False,DIS
2019-06-10,138.880000,141.650000,142.950000,134.824500,49433471,reg,False,DIS
2019-06-17,140.810000,140.230000,143.510000,138.580000,49287093,reg,False,DIS
2019-06-24,140.120000,139.640000,141.740000,137.800000,60559975,reg,False,DIS
2019-07-01,140.450000,142.450000,143.000000,139.220000,26300608,reg,False,DIS
2019-07-08,142.180000,144.880000,145.430000,139.750000,40904961,reg,False,DIS
2019-07-15,145.130000,139.850000,145.360000,139.740000,30585663,reg,False,DIS
2019-07-22,141.250000,144.650000,145.190000,140.010000,36552611,reg,False,DIS
2019-07-29,145.590000,141.710000,147.150000,139.940000,43398542,reg,False,DIS
2019-08-05,139.140000,138.520000,141.950000,132.260000,81439674,reg,False,DIS
2019-08-12,137.310000,135.200000,137.920000,132.470000,41738883,reg,False,DIS
2019-08-19,136.790000,131.670000,137.620000,131.023400,43863312,reg,False,DIS
2019-08-26,134.190000,137.260000,138.680000,132.550000,32234943,reg,False,DIS
2019-09-02,136.370000,139.550000,139.810000,135.060000,19536718,reg,False,DIS
2019-09-09,139.580000,138.020000,140.080000,134.580000,36872700,reg,False,DIS
2019-09-16,136.290000,132.270000,137.360000,131.612500,56209184,reg,False,DIS
2019-09-23,131.990000,129.960000,134.150000,128.920000,44954873,reg,False,DIS
2019-09-30,130.350000,130.270000,131.780000,127.540000,35687927,reg,False,DIS
2019-10-07,130.270000,130.020000,131.565000,128.060000,29048830,reg,False,DIS
2019-10-14,130.130000,130.890000,133.440000,129.400000,34094753,reg,False,DIS
2019-10-21,131.440000,130.900000,133.680000,129.630000,38495931,reg,False,DIS
2019-10-28,131.450000,132.750000,132.800000,128.750000,47261292,reg,False,DIS
2019-11-04,134.120000,137.960000,140.250000,130.660000,66403777,reg,False,DIS
2019-11-11,137.500000,144.670000,150.630000,136.210000,116083916,reg,False,DIS
2019-11-18,144.750000,148.290000,149.480000,143.690000,52197795,reg,False,DIS
2019-11-25,148.800000,151.580000,153.410000,147.700000,48753576,reg,False,DIS
2019-12-02,152.940000,147.660000,152.970000,146.870000,41902749,reg,False,DIS
2019-12-09,147.960000,146.380000,148.930000,145.050000,44109107,reg,False,DIS
2019-12-16,147.590000,146.880000,148.650000,145.320000,50279683,reg,False,DIS
2019-12-23,145.910000,145.750000,146.510000,144.330000,22755836,reg,False,DIS
2019-12-30,145.750000,146.500000,148.200000,143.260000,29095994,reg,False,DIS
2020-01-06,145.540000,144.620000,146.869900,144.260000,34050633,reg,False,DIS
2020-01-13,144.750000,144.330000,146.720000,142.290000,48894614,reg,False,DIS
2020-01-20,144.240000,140.080000,144.790000,139.200000,40958405,reg,False,DIS
2020-01-27,135.860000,138.310000,138.930000,134.830000,56837442,reg,False,DIS
2020-02-03,139.790000,141.020000,147.300000,138.570000,84457307,reg,False,DIS
2020-02-10,141.030000,139.540000,142.990000,139.130000,43773945,reg,False,DIS
2020-02-17,139.020000,138.970000,141.870000,138.100000,29012324,reg,False,DIS
2020-02-24,132.900000,117.650000,134.436500,113.210000,137877277,reg,False,DIS
2020-03-02,119.130000,115.270000,121.780000,110.320000,100444591,reg,False,DIS
2020-03-09,108.690000,102.520000,111.580000,91.640000,156464438,reg,False,DIS
2020-03-16,91.800000,85.980000,98.280000,79.070000,169322825,reg,False,DIS
2020-03-23,84.490000,96.400000,107.731900,81.090000,148441660,reg,False,DIS
2020-03-30,96.000000,93.880000,103.160000,92.100000,91737503,reg,False,DIS
2020-04-06,97.260000,104.500000,107.990000,94.520000,97355058,reg,False,DIS
2020-04-13,104.710000,106.630000,107.640000,99.610000,87286789,reg,False,DIS
2020-04-20,103.580000,101.190000,104.860000,99.130000,75367654,reg,False,DIS
2020-04-27,102.000000,105.500000,112.700000,101.610000,84009623,reg,False,DIS
2020-05-04,102.010000,109.160000,109.180000,98.860000,146647476,reg,False,DIS
2020-05-11,108.400000,109.050000,109.440000,99.658700,110459573,reg,False,DIS
2020-05-18,114.470000,118.020000,120.870000,113.420000,113024715,reg,False,DIS
2020-05-25,121.050000,117.300000,123.780000,114.120000,72283206,reg,False,DIS
2020-06-01,117.260000,124.820000,127.820000,116.930000,64662920,reg,False,DIS
2020-06-08,125.100000,115.490000,127.440000,112.250000,80678795,reg,False,DIS
2020-06-15,112.080000,114.350000,121.500000,111.710000,69102718,reg,False,DIS
2020-06-22,114.190000,109.100000,117.450000,108.022100,77819453,reg,False,DIS
